user_id,age,gender,location,member_since
USER0001,47,M,Bangalore,2022-09-03
USER0002,55,M,Mumbai,2022-11-07
USER0003,39,M,Delhi,2021-09-21
USER0004,43,M,Kolkata,2021-04-06
USER0005,65,M,Chennai,2022-12-17
USER0006,34,F,Chennai,2023-11-25
USER0007,55,M,Mumbai,2024-11-23
USER0008,30,M,Delhi,2021-12-25
USER0009,34,F,Mumbai,2022-03-02
USER0010,38,M,Mumbai,2024-07-02
USER0011,29,F,Chennai,2023-04-06
USER0012,44,M,Mumbai,2021-09-05
USER0013,51,M,Kolkata,2023-12-30
USER0014,30,F,Mumbai,2023-07-29
USER0015,65,F,Chennai,2025-02-20
USER0016,31,F,Delhi,2025-07-21
USER0017,40,F,Hyderabad,2023-12-16
USER0018,50,M,Bangalore,2024-10-23
USER0019,58,M,Hyderabad,2023-03-23
USER0020,50,M,Delhi,2024-10-29
USER0021,30,F,Chennai,2021-12-17
USER0022,58,F,Bangalore,2023-04-11
USER0023,22,F,Chennai,2025-05-03
USER0024,40,M,Delhi,2021-07-17
USER0025,58,M,Kolkata,2024-11-03
USER0026,27,M,Chennai,2024-10-10
USER0027,65,F,Bangalore,2022-04-14
USER0028,27,M,Hyderabad,2021-11-25
USER0029,60,M,Delhi,2021-12-02
USER0030,19,M,Kolkata,2022-06-28
USER0031,32,F,Kolkata,2021-09-24
USER0032,39,M,Delhi,2022-03-29
USER0033,46,F,Delhi,2021-10-13
USER0034,39,F,Bangalore,2024-06-02
USER0035,65,M,Kolkata,2021-06-10
USER0036,55,F,Delhi,2023-12-20
USER0037,35,F,Bangalore,2025-07-27
USER0038,47,M,Hyderabad,2025-08-23
USER0039,53,F,Hyderabad,2024-04-20
USER0040,48,F,Delhi,2023-01-03
USER0041,35,F,Mumbai,2023-08-31
USER0042,23,M,Delhi,2023-10-04
USER0043,49,F,Delhi,2024-10-01
USER0044,23,F,Chennai,2022-07-24
USER0045,59,F,Delhi,2025-09-21
USER0046,23,F,Kolkata,2023-01-08
USER0047,32,F,Chennai,2021-06-19
USER0048,29,F,Chennai,2023-12-10
USER0049,54,M,Chennai,2021-10-09
USER0050,22,M,Chennai,2025-09-28
USER0051,61,M,Chennai,2022-12-02
USER0052,33,F,Mumbai,2022-04-09
USER0053,63,F,Delhi,2024-09-28
USER0054,47,F,Hyderabad,2022-09-07
USER0055,58,M,Chennai,2023-07-24
USER0056,43,M,Chennai,2021-10-14
USER0057,24,M,Mumbai,2022-04-22
USER0058,42,M,Kolkata,2025-04-07
USER0059,50,F,Mumbai,2021-06-02
USER0060,40,F,Chennai,2022-03-14
USER0061,38,F,Bangalore,2023-08-09
USER0062,47,M,Delhi,2021-05-22
USER0063,56,M,Mumbai,2023-12-14
USER0064,21,F,Delhi,2021-09-09
USER0065,21,M,Chennai,2021-10-24
USER0066,34,M,Hyderabad,2022-10-19
USER0067,59,M,Delhi,2025-04-10
USER0068,28,F,Chennai,2022-03-23
USER0069,61,F,Hyderabad,2021-05-22
USER0070,22,F,Chennai,2024-02-20
USER0071,27,F,Delhi,2023-02-22
USER0072,46,F,Bangalore,2024-08-05
USER0073,19,F,Kolkata,2023-07-30
USER0074,41,M,Chennai,2025-06-27
USER0075,23,M,Hyderabad,2024-09-13
USER0076,48,F,Delhi,2023-01-29
USER0077,33,M,Hyderabad,2021-12-22
USER0078,39,F,Kolkata,2025-09-01
USER0079,22,M,Chennai,2023-01-21
USER0080,19,M,Chennai,2021-06-25
USER0081,29,F,Delhi,2021-12-07
USER0082,24,M,Bangalore,2021-02-14
USER0083,55,F,Bangalore,2021-05-25
USER0084,31,F,Delhi,2023-06-11
USER0085,53,F,Mumbai,2025-03-02
USER0086,21,M,Kolkata,2023-01-27
USER0087,44,M,Kolkata,2022-07-22
USER0088,40,F,Delhi,2025-06-26
USER0089,46,F,Delhi,2021-04-25
USER0090,25,F,Chennai,2022-03-29
USER0091,37,M,Chennai,2023-05-23
USER0092,19,M,Mumbai,2025-02-23
USER0093,54,M,Delhi,2023-08-17
USER0094,31,M,Kolkata,2024-04-18
USER0095,22,F,Bangalore,2023-07-21
USER0096,36,F,Delhi,2025-10-31
USER0097,65,M,Bangalore,2025-05-10
USER0098,24,M,Mumbai,2024-04-09
USER0099,42,F,Mumbai,2022-04-06
USER0100,37,M,Delhi,2025-12-14
USER0101,58,M,Chennai,2021-03-16
USER0102,58,M,Hyderabad,2024-07-04
USER0103,64,M,Chennai,2021-08-27
USER0104,44,F,Chennai,2024-12-13
USER0105,31,M,Bangalore,2024-04-08
USER0106,47,M,Delhi,2022-12-21
USER0107,28,F,Delhi,2021-01-31
USER0108,44,M,Chennai,2024-01-13
USER0109,35,F,Bangalore,2025-04-09
USER0110,19,M,Kolkata,2023-10-14
USER0111,60,F,Delhi,2023-12-30
USER0112,40,M,Kolkata,2025-11-21
USER0113,49,M,Hyderabad,2021-04-27
USER0114,46,F,Kolkata,2022-02-24
USER0115,30,M,Hyderabad,2021-03-26
USER0116,19,M,Hyderabad,2021-11-04
USER0117,30,F,Hyderabad,2023-11-20
USER0118,49,F,Chennai,2021-04-04
USER0119,28,M,Chennai,2023-10-01
USER0120,45,M,Delhi,2025-01-11
USER0121,22,M,Delhi,2025-01-06
USER0122,60,F,Mumbai,2022-02-09
USER0123,19,M,Chennai,2022-08-18
USER0124,40,M,Kolkata,2023-09-06
USER0125,54,F,Chennai,2022-02-25
USER0126,25,M,Kolkata,2023-10-25
USER0127,53,F,Kolkata,2023-02-01
USER0128,21,M,Chennai,2023-04-02
USER0129,60,F,Hyderabad,2024-04-19
USER0130,60,F,Mumbai,2021-06-11
USER0131,39,M,Chennai,2024-12-30
USER0132,44,F,Bangalore,2022-05-24
USER0133,46,M,Bangalore,2023-08-04
USER0134,49,F,Chennai,2022-08-08
USER0135,60,F,Bangalore,2023-05-10
USER0136,40,M,Chennai,2023-01-23
USER0137,45,F,Delhi,2024-01-31
USER0138,62,F,Mumbai,2022-10-12
USER0139,62,M,Delhi,2025-05-13
USER0140,51,M,Bangalore,2022-09-06
USER0141,22,F,Mumbai,2021-12-18
USER0142,53,F,Delhi,2024-11-03
USER0143,61,F,Delhi,2025-10-21
USER0144,18,M,Bangalore,2022-10-30
USER0145,54,M,Bangalore,2021-10-15
USER0146,32,F,Bangalore,2022-01-12
USER0147,64,F,Chennai,2023-04-03
USER0148,38,M,Kolkata,2022-11-15
USER0149,36,M,Bangalore,2025-03-01
USER0150,20,M,Chennai,2021-11-10
USER0151,23,M,Mumbai,2022-08-14
USER0152,43,F,Delhi,2025-05-21
USER0153,40,F,Hyderabad,2023-05-21
USER0154,39,M,Mumbai,2024-01-07
USER0155,35,F,Delhi,2023-09-15
USER0156,41,M,Kolkata,2023-12-10
USER0157,29,M,Mumbai,2021-03-10
USER0158,33,M,Delhi,2024-02-28
USER0159,58,M,Mumbai,2023-01-25
USER0160,56,F,Bangalore,2023-08-25
USER0161,52,M,Chennai,2025-03-09
USER0162,55,F,Chennai,2023-04-14
USER0163,31,M,Bangalore,2023-08-22
USER0164,50,F,Bangalore,2023-08-29
USER0165,55,M,Kolkata,2025-03-18
USER0166,31,F,Mumbai,2023-09-14
USER0167,33,F,Hyderabad,2022-12-20
USER0168,41,M,Kolkata,2022-08-22
USER0169,45,M,Kolkata,2024-11-12
USER0170,36,M,Bangalore,2022-10-07
USER0171,57,F,Hyderabad,2024-01-31
USER0172,64,F,Kolkata,2022-01-17
USER0173,34,M,Mumbai,2022-10-26
USER0174,21,M,Kolkata,2024-03-16
USER0175,42,F,Mumbai,2022-09-04
USER0176,59,M,Kolkata,2025-12-14
USER0177,25,M,Kolkata,2022-10-12
USER0178,48,M,Kolkata,2024-07-28
USER0179,50,F,Hyderabad,2022-01-17
USER0180,21,M,Mumbai,2025-08-08
USER0181,62,F,Chennai,2025-05-31
USER0182,57,M,Hyderabad,2025-11-16
USER0183,43,F,Bangalore,2021-04-03
USER0184,63,M,Kolkata,2024-03-02
USER0185,48,M,Chennai,2025-03-11
USER0186,65,F,Mumbai,2024-07-19
USER0187,50,M,Hyderabad,2023-04-24
USER0188,50,M,Chennai,2024-02-06
USER0189,52,F,Hyderabad,2021-10-25
USER0190,22,M,Chennai,2024-06-13
USER0191,31,F,Bangalore,2024-10-12
USER0192,26,M,Delhi,2024-08-22
USER0193,58,M,Mumbai,2021-06-12
USER0194,52,F,Chennai,2025-09-17
USER0195,45,M,Mumbai,2024-12-06
USER0196,38,F,Hyderabad,2025-08-07
USER0197,56,F,Hyderabad,2025-06-12
USER0198,57,F,Kolkata,2021-05-17
USER0199,25,M,Chennai,2021-08-01
USER0200,59,F,Hyderabad,2025-07-11
USER0201,53,F,Delhi,2025-03-01
USER0202,48,M,Chennai,2022-07-09
USER0203,51,M,Hyderabad,2022-09-16
USER0204,52,F,Mumbai,2021-11-13
USER0205,24,M,Mumbai,2024-10-01
USER0206,55,F,Kolkata,2025-01-08
USER0207,51,M,Hyderabad,2024-08-09
USER0208,32,F,Kolkata,2024-12-28
USER0209,20,M,Mumbai,2022-08-09
USER0210,48,M,Mumbai,2022-01-30
USER0211,56,M,Bangalore,2021-04-04
USER0212,40,M,Bangalore,2025-05-23
USER0213,37,F,Bangalore,2022-01-19
USER0214,48,M,Hyderabad,2021-06-21
USER0215,34,M,Mumbai,2021-03-09
USER0216,35,F,Mumbai,2021-01-16
USER0217,26,F,Hyderabad,2025-04-05
USER0218,47,F,Mumbai,2025-04-15
USER0219,57,M,Hyderabad,2025-10-14
USER0220,53,F,Delhi,2024-05-20
USER0221,45,M,Kolkata,2025-02-23
USER0222,57,M,Mumbai,2024-09-04
USER0223,29,F,Bangalore,2022-10-15
USER0224,55,F,Bangalore,2021-08-23
USER0225,25,F,Bangalore,2023-03-18
USER0226,60,F,Hyderabad,2025-03-24
USER0227,62,M,Mumbai,2022-09-03
USER0228,63,M,Hyderabad,2022-11-25
USER0229,36,M,Hyderabad,2021-08-30
USER0230,65,M,Mumbai,2023-11-23
USER0231,58,M,Kolkata,2025-08-24
USER0232,31,M,Mumbai,2023-09-19
USER0233,28,F,Mumbai,2022-12-07
USER0234,21,M,Hyderabad,2022-01-25
USER0235,61,M,Delhi,2024-03-31
USER0236,48,M,Kolkata,2023-12-06
USER0237,52,F,Chennai,2022-05-12
USER0238,52,F,Delhi,2024-07-10
USER0239,27,M,Chennai,2022-12-05
USER0240,56,F,Hyderabad,2025-02-17
USER0241,64,M,Delhi,2025-05-22
USER0242,31,M,Mumbai,2025-05-28
USER0243,65,F,Bangalore,2022-09-15
USER0244,47,M,Chennai,2021-04-20
USER0245,65,F,Bangalore,2023-07-01
USER0246,55,F,Bangalore,2021-09-09
USER0247,50,F,Delhi,2025-01-27
USER0248,43,F,Hyderabad,2023-05-07
USER0249,25,F,Mumbai,2023-06-27
USER0250,41,M,Kolkata,2025-01-20
USER0251,28,F,Bangalore,2023-12-28
USER0252,38,F,Kolkata,2025-01-23
USER0253,58,F,Hyderabad,2025-08-19
USER0254,63,M,Kolkata,2023-07-26
USER0255,42,M,Mumbai,2022-11-12
USER0256,59,F,Delhi,2022-03-31
USER0257,33,F,Mumbai,2024-09-23
USER0258,26,F,Hyderabad,2024-03-14
USER0259,45,F,Mumbai,2024-12-16
USER0260,22,F,Mumbai,2023-05-03
USER0261,33,F,Mumbai,2024-04-15
USER0262,63,F,Chennai,2023-10-09
USER0263,54,M,Chennai,2023-06-19
USER0264,40,M,Bangalore,2025-02-10
USER0265,25,F,Kolkata,2023-11-13
USER0266,34,M,Delhi,2024-08-22
USER0267,58,M,Kolkata,2024-06-01
USER0268,34,F,Delhi,2024-05-19
USER0269,44,F,Kolkata,2024-06-15
USER0270,39,M,Kolkata,2023-09-24
USER0271,18,F,Bangalore,2024-05-05
USER0272,26,M,Delhi,2024-04-01
USER0273,57,M,Delhi,2021-06-07
USER0274,39,F,Hyderabad,2022-02-15
USER0275,32,F,Kolkata,2024-09-12
USER0276,42,F,Delhi,2022-08-23
USER0277,47,M,Delhi,2022-08-09
USER0278,36,F,Delhi,2023-03-09
USER0279,58,F,Chennai,2024-02-07
USER0280,32,F,Bangalore,2021-04-06
USER0281,61,F,Chennai,2022-08-26
USER0282,38,F,Mumbai,2025-08-31
USER0283,32,F,Delhi,2021-05-25
USER0284,44,F,Hyderabad,2021-12-06
USER0285,35,M,Delhi,2023-02-27
USER0286,56,M,Chennai,2023-09-15
USER0287,45,F,Mumbai,2025-04-24
USER0288,32,M,Mumbai,2022-09-08
USER0289,46,F,Delhi,2021-10-12
USER0290,56,M,Delhi,2025-07-30
USER0291,65,M,Mumbai,2023-06-09
USER0292,49,M,Hyderabad,2021-05-14
USER0293,55,F,Mumbai,2025-05-10
USER0294,25,F,Kolkata,2022-04-17
USER0295,32,M,Bangalore,2022-01-01
USER0296,26,M,Kolkata,2023-06-06
USER0297,48,M,Bangalore,2025-02-09
USER0298,50,M,Hyderabad,2024-10-12
USER0299,56,F,Mumbai,2022-04-09
USER0300,43,M,Delhi,2024-11-11
USER0301,39,M,Mumbai,2022-07-04
USER0302,59,F,Kolkata,2023-09-08
USER0303,55,F,Bangalore,2022-04-23
USER0304,62,F,Delhi,2024-11-18
USER0305,27,M,Hyderabad,2024-06-12
USER0306,45,F,Kolkata,2021-05-23
USER0307,55,F,Kolkata,2021-11-21
USER0308,61,M,Hyderabad,2023-01-30
USER0309,31,F,Kolkata,2025-03-21
USER0310,18,F,Bangalore,2025-08-27
USER0311,50,M,Chennai,2024-01-22
USER0312,43,M,Hyderabad,2022-07-22
USER0313,30,F,Chennai,2022-08-05
USER0314,57,M,Delhi,2025-12-13
USER0315,46,F,Bangalore,2021-05-06
USER0316,27,F,Chennai,2022-06-11
USER0317,63,F,Bangalore,2021-09-09
USER0318,24,F,Delhi,2024-08-04
USER0319,22,M,Kolkata,2023-09-28
USER0320,28,F,Bangalore,2021-01-22
USER0321,41,F,Kolkata,2021-07-13
USER0322,57,M,Bangalore,2023-05-19
USER0323,23,M,Mumbai,2025-01-29
USER0324,57,F,Chennai,2023-08-03
USER0325,54,M,Delhi,2022-07-21
USER0326,52,M,Hyderabad,2022-01-15
USER0327,50,F,Hyderabad,2023-12-27
USER0328,40,F,Bangalore,2021-08-27
USER0329,47,F,Bangalore,2022-03-16
USER0330,60,F,Hyderabad,2024-08-16
USER0331,46,M,Bangalore,2024-09-10
USER0332,56,M,Bangalore,2022-11-10
USER0333,48,F,Delhi,2021-12-26
USER0334,25,F,Hyderabad,2021-07-29
USER0335,52,M,Chennai,2023-11-30
USER0336,31,M,Chennai,2022-02-08
USER0337,42,F,Mumbai,2023-01-26
USER0338,64,F,Delhi,2021-11-05
USER0339,63,F,Bangalore,2022-05-11
USER0340,22,M,Bangalore,2025-01-04
USER0341,19,M,Mumbai,2021-08-08
USER0342,60,M,Delhi,2023-08-10
USER0343,53,M,Mumbai,2024-06-01
USER0344,46,F,Delhi,2025-03-12
USER0345,50,F,Hyderabad,2024-04-26
USER0346,31,F,Kolkata,2021-04-04
USER0347,31,F,Hyderabad,2021-07-10
USER0348,31,F,Hyderabad,2023-05-05
USER0349,42,M,Hyderabad,2025-01-06
USER0350,48,F,Chennai,2025-02-01
USER0351,29,F,Delhi,2023-12-10
USER0352,31,F,Hyderabad,2022-11-23
USER0353,53,M,Hyderabad,2023-04-08
USER0354,23,M,Mumbai,2023-06-27
USER0355,47,F,Bangalore,2022-06-11
USER0356,23,M,Chennai,2025-03-08
USER0357,48,M,Hyderabad,2023-11-12
USER0358,30,F,Bangalore,2021-06-10
USER0359,31,F,Chennai,2024-12-02
USER0360,21,M,Kolkata,2021-03-29
USER0361,63,F,Chennai,2024-03-01
USER0362,40,F,Hyderabad,2021-04-12
USER0363,65,F,Bangalore,2025-09-19
USER0364,55,F,Mumbai,2023-05-07
USER0365,55,M,Hyderabad,2023-08-11
USER0366,48,M,Hyderabad,2024-02-25
USER0367,49,F,Kolkata,2025-07-28
USER0368,51,F,Chennai,2025-05-27
USER0369,43,M,Mumbai,2022-04-07
USER0370,26,F,Delhi,2024-06-23
USER0371,38,M,Mumbai,2021-04-07
USER0372,26,M,Hyderabad,2021-09-17
USER0373,58,F,Chennai,2021-12-15
USER0374,34,M,Delhi,2023-05-19
USER0375,60,M,Chennai,2024-07-08
USER0376,38,M,Bangalore,2022-08-11
USER0377,29,M,Mumbai,2022-10-15
USER0378,41,F,Kolkata,2022-07-06
USER0379,51,M,Kolkata,2025-06-22
USER0380,45,F,Chennai,2024-03-20
USER0381,45,F,Mumbai,2023-01-01
USER0382,19,F,Bangalore,2023-06-26
USER0383,63,F,Kolkata,2024-02-07
USER0384,25,M,Delhi,2021-12-16
USER0385,49,F,Delhi,2024-09-05
USER0386,63,M,Bangalore,2022-05-03
USER0387,61,M,Chennai,2021-01-26
USER0388,48,F,Hyderabad,2023-07-22
USER0389,27,F,Bangalore,2022-11-28
USER0390,37,M,Bangalore,2022-01-31
USER0391,63,M,Kolkata,2023-04-13
USER0392,35,F,Chennai,2024-11-20
USER0393,19,F,Kolkata,2025-02-03
USER0394,37,M,Mumbai,2021-06-17
USER0395,31,M,Delhi,2022-08-25
USER0396,63,M,Kolkata,2021-02-05
USER0397,27,M,Delhi,2024-11-16
USER0398,48,F,Bangalore,2022-01-28
USER0399,44,F,Chennai,2024-06-23
USER0400,30,F,Delhi,2025-11-02
USER0401,46,M,Kolkata,2023-03-14
USER0402,53,F,Bangalore,2021-02-05
USER0403,24,M,Hyderabad,2022-03-12
USER0404,53,M,Mumbai,2023-09-28
USER0405,45,F,Delhi,2025-07-09
USER0406,31,F,Chennai,2023-03-29
USER0407,46,F,Mumbai,2022-04-16
USER0408,48,F,Chennai,2022-06-11
USER0409,33,F,Hyderabad,2021-04-07
USER0410,43,M,Mumbai,2025-01-04
USER0411,58,M,Mumbai,2025-07-16
USER0412,55,F,Bangalore,2023-08-25
USER0413,65,M,Hyderabad,2022-02-07
USER0414,29,F,Kolkata,2022-08-09
USER0415,38,M,Bangalore,2022-07-08
USER0416,60,F,Mumbai,2023-05-02
USER0417,58,F,Kolkata,2021-08-24
USER0418,50,F,Chennai,2023-03-25
USER0419,46,F,Hyderabad,2025-08-22
USER0420,29,F,Kolkata,2021-06-18
USER0421,52,F,Mumbai,2022-07-13
USER0422,32,M,Kolkata,2024-04-16
USER0423,55,F,Hyderabad,2024-02-08
USER0424,51,F,Chennai,2021-06-27
USER0425,49,M,Hyderabad,2021-10-12
USER0426,25,M,Delhi,2022-10-16
USER0427,59,F,Bangalore,2023-10-16
USER0428,60,F,Chennai,2022-08-17
USER0429,22,F,Delhi,2025-02-10
USER0430,23,M,Kolkata,2025-10-16
USER0431,38,M,Hyderabad,2022-07-29
USER0432,19,M,Delhi,2025-11-27
USER0433,56,F,Mumbai,2021-07-29
USER0434,56,F,Kolkata,2023-12-14
USER0435,19,M,Chennai,2021-04-30
USER0436,44,F,Hyderabad,2022-05-08
USER0437,55,M,Bangalore,2025-09-05
USER0438,62,F,Kolkata,2023-04-06
USER0439,61,F,Delhi,2021-08-15
USER0440,64,F,Bangalore,2023-09-23
USER0441,53,F,Mumbai,2023-12-08
USER0442,28,F,Bangalore,2021-05-06
USER0443,57,M,Bangalore,2021-10-22
USER0444,18,F,Chennai,2022-08-26
USER0445,24,M,Chennai,2021-03-21
USER0446,63,F,Kolkata,2025-04-08
USER0447,27,M,Bangalore,2025-08-21
USER0448,47,M,Bangalore,2022-03-11
USER0449,25,M,Hyderabad,2021-09-13
USER0450,45,F,Bangalore,2022-04-21
USER0451,18,M,Bangalore,2024-03-06
USER0452,53,F,Bangalore,2025-09-10
USER0453,34,M,Mumbai,2025-07-12
USER0454,28,M,Mumbai,2021-03-26
USER0455,59,M,Delhi,2021-02-07
USER0456,46,M,Mumbai,2021-06-07
USER0457,54,F,Mumbai,2024-04-28
USER0458,41,M,Bangalore,2025-06-30
USER0459,57,M,Chennai,2024-09-04
USER0460,38,F,Mumbai,2022-10-06
USER0461,48,M,Chennai,2024-05-02
USER0462,23,M,Hyderabad,2024-06-20
USER0463,45,F,Kolkata,2021-09-12
USER0464,44,F,Delhi,2023-08-27
USER0465,24,F,Kolkata,2021-05-04
USER0466,38,F,Kolkata,2025-09-20
USER0467,47,M,Chennai,2021-10-02
USER0468,61,M,Delhi,2024-06-27
USER0469,20,M,Delhi,2022-11-06
USER0470,20,F,Chennai,2022-05-01
USER0471,44,F,Mumbai,2022-09-19
USER0472,28,F,Kolkata,2022-05-06
USER0473,45,F,Delhi,2023-08-11
USER0474,23,M,Kolkata,2023-06-09
USER0475,26,M,Mumbai,2024-03-16
USER0476,38,F,Bangalore,2023-01-20
USER0477,61,F,Delhi,2025-11-11
USER0478,47,F,Delhi,2021-05-18
USER0479,18,M,Bangalore,2022-01-15
USER0480,55,M,Mumbai,2022-08-02
USER0481,37,M,Bangalore,2025-06-30
USER0482,44,F,Hyderabad,2024-09-04
USER0483,61,M,Hyderabad,2024-01-21
USER0484,37,M,Delhi,2023-05-17
USER0485,50,M,Hyderabad,2021-01-30
USER0486,56,M,Delhi,2025-08-15
USER0487,33,F,Mumbai,2022-10-10
USER0488,48,F,Hyderabad,2024-01-01
USER0489,47,F,Bangalore,2021-05-14
USER0490,29,F,Bangalore,2021-05-09
USER0491,52,M,Chennai,2024-12-17
USER0492,48,M,Mumbai,2025-09-14
USER0493,32,M,Delhi,2025-04-26
USER0494,45,M,Kolkata,2023-11-29
USER0495,44,F,Mumbai,2024-02-05
USER0496,34,M,Delhi,2025-05-02
USER0497,42,F,Bangalore,2021-05-12
USER0498,28,M,Mumbai,2024-03-05
USER0499,26,F,Chennai,2021-05-14
USER0500,48,F,Chennai,2023-06-27
USER0501,55,M,Mumbai,2022-08-10
USER0502,31,M,Delhi,2023-01-08
USER0503,40,F,Chennai,2025-03-28
USER0504,54,M,Bangalore,2024-08-07
USER0505,28,F,Bangalore,2023-07-13
USER0506,30,M,Hyderabad,2024-10-27
USER0507,46,F,Bangalore,2022-06-12
USER0508,64,M,Chennai,2023-02-06
USER0509,62,M,Chennai,2023-04-16
USER0510,58,F,Mumbai,2021-02-25
USER0511,23,F,Bangalore,2025-02-11
USER0512,57,M,Bangalore,2025-01-16
USER0513,22,M,Kolkata,2025-10-18
USER0514,43,M,Hyderabad,2022-03-26
USER0515,53,F,Delhi,2022-10-25
USER0516,36,M,Kolkata,2021-12-19
USER0517,26,F,Delhi,2025-04-01
USER0518,46,F,Kolkata,2025-07-04
USER0519,20,M,Hyderabad,2021-07-23
USER0520,30,M,Chennai,2024-08-07
USER0521,55,F,Chennai,2025-10-19
USER0522,39,F,Kolkata,2021-11-09
USER0523,46,M,Kolkata,2024-01-30
USER0524,45,F,Bangalore,2023-05-03
USER0525,33,M,Bangalore,2022-09-26
USER0526,49,F,Hyderabad,2021-01-21
USER0527,54,F,Mumbai,2025-04-07
USER0528,21,F,Bangalore,2022-11-11
USER0529,22,M,Chennai,2025-10-03
USER0530,59,F,Bangalore,2021-09-27
USER0531,32,F,Chennai,2023-08-21
USER0532,26,M,Chennai,2023-01-14
USER0533,49,M,Bangalore,2022-04-23
USER0534,44,M,Bangalore,2021-02-20
USER0535,60,M,Bangalore,2025-04-12
USER0536,30,F,Kolkata,2022-12-22
USER0537,54,M,Delhi,2024-09-07
USER0538,34,M,Hyderabad,2022-09-24
USER0539,53,F,Kolkata,2021-10-21
USER0540,46,F,Hyderabad,2021-02-17
USER0541,51,M,Chennai,2024-08-14
USER0542,62,M,Kolkata,2023-05-11
USER0543,61,F,Chennai,2022-12-07
USER0544,38,M,Hyderabad,2021-07-11
USER0545,45,F,Hyderabad,2021-03-25
USER0546,52,M,Kolkata,2022-04-07
USER0547,31,F,Delhi,2022-03-21
USER0548,30,F,Chennai,2021-07-17
USER0549,21,M,Chennai,2021-09-24
USER0550,40,M,Chennai,2021-06-20
USER0551,19,M,Chennai,2024-04-18
USER0552,46,M,Hyderabad,2023-08-08
USER0553,19,F,Kolkata,2022-07-14
USER0554,31,M,Delhi,2024-09-25
USER0555,58,F,Hyderabad,2021-08-12
USER0556,24,M,Chennai,2021-07-12
USER0557,42,F,Kolkata,2022-03-05
USER0558,56,M,Hyderabad,2024-10-04
USER0559,60,F,Chennai,2024-06-09
USER0560,46,M,Kolkata,2025-07-30
USER0561,22,F,Delhi,2025-11-04
USER0562,59,F,Mumbai,2023-06-15
USER0563,31,M,Bangalore,2022-11-01
USER0564,63,F,Chennai,2025-09-10
USER0565,38,F,Chennai,2024-07-14
USER0566,31,M,Mumbai,2023-01-19
USER0567,33,M,Chennai,2025-11-11
USER0568,59,M,Hyderabad,2025-07-05
USER0569,44,F,Hyderabad,2023-10-31
USER0570,22,M,Delhi,2022-11-15
USER0571,26,M,Delhi,2022-10-21
USER0572,35,M,Mumbai,2024-09-01
USER0573,40,M,Delhi,2022-10-23
USER0574,32,F,Delhi,2022-05-19
USER0575,36,M,Hyderabad,2021-03-22
USER0576,36,F,Bangalore,2021-05-18
USER0577,31,F,Delhi,2024-01-12
USER0578,38,M,Mumbai,2021-11-20
USER0579,36,F,Kolkata,2023-08-21
USER0580,23,M,Delhi,2022-10-20
USER0581,33,M,Mumbai,2023-09-22
USER0582,63,F,Chennai,2021-11-18
USER0583,48,F,Chennai,2021-07-01
USER0584,38,F,Mumbai,2023-09-01
USER0585,47,M,Kolkata,2023-10-29
USER0586,35,M,Chennai,2024-02-16
USER0587,55,F,Chennai,2024-03-15
USER0588,46,F,Bangalore,2025-03-10
USER0589,48,F,Chennai,2023-07-23
USER0590,20,F,Bangalore,2023-02-23
USER0591,37,F,Hyderabad,2024-04-16
USER0592,46,F,Mumbai,2023-06-06
USER0593,38,M,Bangalore,2021-06-13
USER0594,57,F,Delhi,2022-09-26
USER0595,28,M,Mumbai,2021-04-20
USER0596,39,M,Kolkata,2022-08-15
USER0597,31,F,Bangalore,2021-09-02
USER0598,47,M,Mumbai,2023-04-20
USER0599,58,M,Chennai,2025-06-03
USER0600,26,F,Bangalore,2022-12-21
USER0601,18,M,Delhi,2023-10-15
USER0602,62,M,Delhi,2022-03-14
USER0603,25,M,Mumbai,2023-06-17
USER0604,65,M,Mumbai,2024-02-10
USER0605,20,F,Kolkata,2024-06-12
USER0606,18,M,Delhi,2021-09-08
USER0607,62,M,Mumbai,2024-01-19
USER0608,57,F,Chennai,2023-07-22
USER0609,59,M,Delhi,2022-07-12
USER0610,29,M,Hyderabad,2021-12-29
USER0611,32,F,Kolkata,2024-01-29
USER0612,49,M,Hyderabad,2023-05-17
USER0613,26,M,Bangalore,2021-07-29
USER0614,36,F,Kolkata,2024-05-03
USER0615,46,M,Delhi,2025-09-16
USER0616,19,M,Hyderabad,2024-01-19
USER0617,60,M,Delhi,2025-07-24
USER0618,40,M,Kolkata,2021-05-02
USER0619,28,M,Bangalore,2023-11-02
USER0620,30,F,Delhi,2024-07-21
USER0621,21,F,Mumbai,2022-11-01
USER0622,34,M,Hyderabad,2021-04-18
USER0623,38,M,Mumbai,2022-03-22
USER0624,36,M,Delhi,2023-02-08
USER0625,48,F,Delhi,2024-12-25
USER0626,63,M,Hyderabad,2024-01-08
USER0627,64,F,Hyderabad,2022-05-23
USER0628,58,F,Chennai,2025-05-12
USER0629,62,M,Hyderabad,2023-01-11
USER0630,45,F,Chennai,2025-04-26
USER0631,36,M,Mumbai,2022-08-18
USER0632,54,M,Delhi,2023-09-27
USER0633,36,M,Delhi,2023-05-16
USER0634,41,M,Chennai,2023-07-10
USER0635,58,M,Mumbai,2024-02-16
USER0636,44,F,Hyderabad,2021-05-18
USER0637,22,F,Delhi,2024-01-06
USER0638,20,M,Delhi,2025-02-21
USER0639,54,M,Bangalore,2025-03-28
USER0640,27,M,Mumbai,2022-06-29
USER0641,62,F,Delhi,2024-05-22
USER0642,39,M,Bangalore,2022-01-18
USER0643,37,F,Bangalore,2023-04-29
USER0644,62,F,Mumbai,2025-04-20
USER0645,41,F,Chennai,2022-03-22
USER0646,30,M,Kolkata,2023-09-11
USER0647,40,F,Bangalore,2025-03-11
USER0648,32,F,Chennai,2025-09-23
USER0649,54,M,Chennai,2023-02-24
USER0650,40,F,Kolkata,2025-07-11
USER0651,32,M,Hyderabad,2024-03-29
USER0652,46,F,Kolkata,2023-04-13
USER0653,63,M,Mumbai,2022-05-07
USER0654,59,M,Mumbai,2021-05-28
USER0655,65,M,Delhi,2021-02-26
USER0656,30,F,Delhi,2025-03-21
USER0657,53,M,Hyderabad,2024-11-18
USER0658,62,M,Kolkata,2021-04-21
USER0659,38,M,Bangalore,2022-05-16
USER0660,63,F,Bangalore,2024-04-03
USER0661,47,M,Kolkata,2023-05-21
USER0662,29,F,Delhi,2024-05-21
USER0663,18,F,Kolkata,2021-08-25
USER0664,65,F,Chennai,2024-07-06
USER0665,27,F,Kolkata,2024-02-24
USER0666,55,F,Hyderabad,2025-12-16
USER0667,52,M,Delhi,2022-09-19
USER0668,47,M,Kolkata,2025-10-28
USER0669,41,M,Hyderabad,2021-11-06
USER0670,48,M,Mumbai,2024-01-05
USER0671,43,M,Kolkata,2024-04-02
USER0672,59,F,Chennai,2025-11-05
USER0673,41,M,Bangalore,2023-01-27
USER0674,33,F,Bangalore,2021-07-25
USER0675,36,F,Delhi,2022-08-28
USER0676,41,F,Bangalore,2024-08-08
USER0677,38,M,Mumbai,2021-01-16
USER0678,31,F,Mumbai,2023-04-12
USER0679,54,F,Mumbai,2025-06-14
USER0680,51,M,Bangalore,2025-07-06
USER0681,25,F,Mumbai,2022-01-29
USER0682,43,M,Hyderabad,2023-11-29
USER0683,64,F,Chennai,2022-03-27
USER0684,27,F,Hyderabad,2023-08-07
USER0685,51,M,Chennai,2024-03-23
USER0686,42,M,Bangalore,2021-03-21
USER0687,64,M,Kolkata,2023-08-09
USER0688,55,F,Delhi,2025-05-30
USER0689,27,F,Bangalore,2021-01-17
USER0690,43,M,Kolkata,2025-07-03
USER0691,32,F,Hyderabad,2023-10-12
USER0692,37,M,Chennai,2021-12-16
USER0693,65,M,Kolkata,2021-07-20
USER0694,59,M,Mumbai,2024-05-03
USER0695,23,M,Delhi,2023-11-27
USER0696,29,F,Hyderabad,2025-01-25
USER0697,51,F,Mumbai,2025-09-25
USER0698,53,F,Kolkata,2023-09-13
USER0699,27,M,Delhi,2021-06-03
USER0700,42,M,Kolkata,2023-03-04
USER0701,31,F,Chennai,2021-05-16
USER0702,24,F,Mumbai,2024-10-06
USER0703,46,F,Hyderabad,2023-06-14
USER0704,57,M,Chennai,2025-01-13
USER0705,43,F,Delhi,2021-05-30
USER0706,51,M,Chennai,2023-05-14
USER0707,54,M,Delhi,2024-10-03
USER0708,33,M,Mumbai,2024-04-04
USER0709,51,M,Chennai,2024-12-08
USER0710,54,F,Bangalore,2022-12-21
USER0711,22,F,Bangalore,2021-10-06
USER0712,20,M,Bangalore,2023-12-02
USER0713,53,M,Hyderabad,2024-11-10
USER0714,19,M,Delhi,2024-05-30
USER0715,63,F,Bangalore,2025-01-25
USER0716,59,M,Kolkata,2023-12-15
USER0717,54,M,Chennai,2022-12-29
USER0718,35,M,Mumbai,2024-04-25
USER0719,35,F,Mumbai,2021-11-03
USER0720,36,M,Chennai,2022-05-09
USER0721,28,M,Delhi,2022-04-26
USER0722,42,F,Bangalore,2023-03-31
USER0723,25,M,Hyderabad,2023-06-28
USER0724,61,M,Bangalore,2023-12-12
USER0725,19,M,Hyderabad,2023-10-15
USER0726,43,M,Kolkata,2025-09-28
USER0727,54,F,Hyderabad,2022-08-24
USER0728,65,F,Delhi,2022-04-19
USER0729,37,F,Mumbai,2021-06-07
USER0730,19,F,Delhi,2021-11-23
USER0731,61,F,Chennai,2024-01-26
USER0732,39,F,Delhi,2025-05-10
USER0733,51,M,Bangalore,2023-06-29
USER0734,60,F,Chennai,2023-05-19
USER0735,33,F,Bangalore,2024-08-15
USER0736,23,F,Chennai,2024-01-24
USER0737,37,F,Delhi,2025-10-05
USER0738,29,F,Mumbai,2023-11-30
USER0739,26,F,Chennai,2023-02-19
USER0740,36,M,Delhi,2024-10-05
USER0741,61,F,Mumbai,2025-03-04
USER0742,50,F,Hyderabad,2025-09-11
USER0743,59,F,Bangalore,2022-12-16
USER0744,38,F,Delhi,2022-08-28
USER0745,20,M,Hyderabad,2021-12-27
USER0746,43,M,Kolkata,2025-07-24
USER0747,44,F,Bangalore,2024-07-22
USER0748,59,M,Kolkata,2021-05-09
USER0749,24,M,Delhi,2022-03-05
USER0750,43,F,Delhi,2025-01-03
USER0751,50,F,Bangalore,2021-03-26
USER0752,32,F,Chennai,2024-02-28
USER0753,48,F,Delhi,2024-01-12
USER0754,58,F,Hyderabad,2021-08-10
USER0755,51,M,Hyderabad,2021-07-29
USER0756,58,F,Delhi,2022-12-25
USER0757,25,M,Kolkata,2024-07-01
USER0758,61,F,Kolkata,2023-09-30
USER0759,56,M,Bangalore,2021-01-30
USER0760,32,F,Delhi,2021-10-21
USER0761,43,F,Delhi,2023-08-12
USER0762,64,M,Mumbai,2022-01-03
USER0763,36,F,Bangalore,2023-08-30
USER0764,31,M,Mumbai,2023-11-25
USER0765,47,M,Chennai,2024-10-08
USER0766,25,F,Chennai,2023-09-12
USER0767,18,F,Delhi,2025-02-17
USER0768,63,M,Kolkata,2022-06-11
USER0769,65,M,Bangalore,2021-05-02
USER0770,54,M,Delhi,2023-09-01
USER0771,25,M,Kolkata,2023-09-02
USER0772,49,M,Mumbai,2023-06-28
USER0773,60,F,Bangalore,2024-09-26
USER0774,47,F,Delhi,2023-06-29
USER0775,19,F,Chennai,2023-02-22
USER0776,52,M,Kolkata,2021-09-10
USER0777,41,M,Hyderabad,2022-04-15
USER0778,38,F,Kolkata,2022-01-07
USER0779,37,M,Delhi,2022-04-05
USER0780,46,F,Mumbai,2023-05-28
USER0781,40,F,Bangalore,2021-08-10
USER0782,58,F,Delhi,2022-05-14
USER0783,20,F,Bangalore,2025-01-07
USER0784,27,M,Kolkata,2022-12-31
USER0785,44,M,Chennai,2022-06-02
USER0786,37,M,Mumbai,2024-11-03
USER0787,23,M,Bangalore,2024-09-27
USER0788,25,F,Bangalore,2021-12-14
USER0789,61,F,Hyderabad,2025-10-17
USER0790,48,M,Mumbai,2023-07-07
USER0791,54,F,Kolkata,2023-01-18
USER0792,30,M,Delhi,2024-09-20
USER0793,50,F,Delhi,2021-12-11
USER0794,47,M,Chennai,2022-07-10
USER0795,37,M,Bangalore,2025-12-12
USER0796,47,M,Hyderabad,2024-06-07
USER0797,22,M,Kolkata,2022-08-24
USER0798,38,M,Kolkata,2024-08-08
USER0799,42,F,Delhi,2025-05-08
USER0800,43,F,Bangalore,2021-10-30
USER0801,64,M,Kolkata,2024-08-03
USER0802,43,M,Mumbai,2024-04-12
USER0803,35,F,Chennai,2023-11-11
USER0804,62,M,Chennai,2024-10-07
USER0805,24,F,Delhi,2021-05-22
USER0806,19,M,Delhi,2025-07-13
USER0807,33,F,Bangalore,2022-02-09
USER0808,50,F,Mumbai,2023-05-13
USER0809,19,M,Mumbai,2024-03-15
USER0810,18,M,Kolkata,2025-10-16
USER0811,27,F,Chennai,2022-10-21
USER0812,62,M,Delhi,2022-09-21
USER0813,56,M,Chennai,2024-05-19
USER0814,65,M,Chennai,2023-06-07
USER0815,35,F,Hyderabad,2021-01-22
USER0816,61,M,Hyderabad,2024-08-18
USER0817,45,M,Bangalore,2025-06-17
USER0818,61,F,Delhi,2024-01-01
USER0819,28,F,Hyderabad,2024-02-24
USER0820,22,M,Bangalore,2021-10-13
USER0821,20,M,Delhi,2025-01-16
USER0822,62,M,Hyderabad,2025-09-11
USER0823,38,M,Bangalore,2023-09-23
USER0824,26,F,Delhi,2021-06-13
USER0825,40,M,Chennai,2024-07-23
USER0826,57,F,Hyderabad,2024-12-04
USER0827,40,M,Chennai,2024-11-11
USER0828,51,F,Delhi,2025-01-13
USER0829,35,F,Hyderabad,2021-09-20
USER0830,24,F,Chennai,2025-05-23
USER0831,27,M,Kolkata,2023-06-16
USER0832,51,M,Hyderabad,2025-02-20
USER0833,39,F,Mumbai,2024-02-26
USER0834,64,F,Hyderabad,2022-09-12
USER0835,29,M,Kolkata,2022-05-15
USER0836,21,M,Kolkata,2022-11-29
USER0837,50,F,Delhi,2025-01-13
USER0838,46,F,Kolkata,2024-11-25
USER0839,33,M,Hyderabad,2021-04-24
USER0840,60,M,Mumbai,2023-03-25
USER0841,34,M,Chennai,2025-12-08
USER0842,39,F,Kolkata,2023-10-20
USER0843,38,F,Bangalore,2021-06-07
USER0844,22,F,Kolkata,2023-08-02
USER0845,29,F,Hyderabad,2025-06-22
USER0846,38,F,Delhi,2022-05-06
USER0847,64,M,Kolkata,2025-08-11
USER0848,63,M,Bangalore,2022-10-22
USER0849,63,M,Delhi,2022-02-12
USER0850,64,F,Chennai,2024-05-04
USER0851,51,M,Hyderabad,2025-09-30
USER0852,58,M,Delhi,2021-12-21
USER0853,55,F,Hyderabad,2021-10-30
USER0854,37,M,Delhi,2021-03-29
USER0855,23,M,Bangalore,2023-09-21
USER0856,54,F,Hyderabad,2021-05-27
USER0857,40,F,Delhi,2021-07-24
USER0858,25,F,Mumbai,2021-05-11
USER0859,55,F,Delhi,2023-10-23
USER0860,63,F,Mumbai,2024-12-26
USER0861,31,F,Bangalore,2022-07-31
USER0862,34,M,Bangalore,2021-02-15
USER0863,59,M,Chennai,2021-09-28
USER0864,27,M,Chennai,2023-07-25
USER0865,60,M,Hyderabad,2022-09-20
USER0866,33,F,Chennai,2025-07-29
USER0867,28,F,Delhi,2024-03-15
USER0868,31,F,Hyderabad,2024-04-19
USER0869,32,M,Hyderabad,2025-06-09
USER0870,33,M,Hyderabad,2023-03-24
USER0871,63,M,Hyderabad,2024-05-30
USER0872,33,F,Chennai,2025-11-28
USER0873,60,M,Mumbai,2025-06-28
USER0874,49,M,Delhi,2023-03-22
USER0875,50,M,Bangalore,2023-04-10
USER0876,53,F,Mumbai,2024-12-16
USER0877,28,F,Kolkata,2022-01-01
USER0878,52,M,Chennai,2021-07-17
USER0879,28,F,Mumbai,2025-10-08
USER0880,51,M,Chennai,2024-04-26
USER0881,21,M,Delhi,2024-06-22
USER0882,37,M,Kolkata,2024-01-14
USER0883,62,M,Hyderabad,2024-08-08
USER0884,54,F,Delhi,2022-01-07
USER0885,32,M,Hyderabad,2025-01-14
USER0886,23,M,Delhi,2025-05-02
USER0887,53,F,Hyderabad,2024-02-02
USER0888,45,F,Chennai,2022-11-01
USER0889,39,F,Chennai,2022-09-28
USER0890,53,F,Mumbai,2021-06-05
USER0891,64,M,Hyderabad,2021-03-23
USER0892,18,F,Bangalore,2024-07-14
USER0893,24,F,Chennai,2022-10-10
USER0894,59,M,Mumbai,2025-06-07
USER0895,48,F,Bangalore,2023-07-24
USER0896,49,F,Chennai,2023-03-12
USER0897,40,F,Delhi,2024-07-09
USER0898,56,M,Chennai,2022-12-28
USER0899,38,F,Kolkata,2025-07-25
USER0900,32,M,Mumbai,2022-06-13
USER0901,64,F,Hyderabad,2024-01-14
USER0902,33,F,Bangalore,2023-11-27
USER0903,52,F,Chennai,2023-11-08
USER0904,63,M,Hyderabad,2023-06-30
USER0905,62,F,Bangalore,2024-04-10
USER0906,46,F,Chennai,2025-08-10
USER0907,20,M,Chennai,2025-10-18
USER0908,43,F,Chennai,2022-05-24
USER0909,38,F,Chennai,2022-02-20
USER0910,55,F,Kolkata,2025-03-11
USER0911,20,M,Mumbai,2022-05-09
USER0912,56,M,Delhi,2025-05-23
USER0913,60,F,Chennai,2022-09-23
USER0914,61,F,Bangalore,2021-08-22
USER0915,49,M,Hyderabad,2025-08-08
USER0916,18,F,Chennai,2025-03-13
USER0917,22,F,Kolkata,2021-12-09
USER0918,64,M,Kolkata,2022-04-01
USER0919,47,F,Mumbai,2025-07-20
USER0920,44,M,Chennai,2025-06-22
USER0921,26,F,Chennai,2025-05-12
USER0922,42,M,Delhi,2022-03-18
USER0923,64,F,Delhi,2024-07-18
USER0924,52,M,Bangalore,2022-01-28
USER0925,36,F,Hyderabad,2021-09-27
USER0926,19,M,Hyderabad,2022-09-24
USER0927,29,M,Chennai,2024-05-28
USER0928,20,M,Mumbai,2023-04-04
USER0929,44,F,Delhi,2022-07-04
USER0930,44,M,Hyderabad,2023-06-18
USER0931,30,F,Chennai,2024-06-05
USER0932,18,M,Bangalore,2023-07-29
USER0933,58,M,Hyderabad,2022-07-12
USER0934,35,F,Chennai,2022-04-28
USER0935,62,M,Delhi,2021-01-21
USER0936,28,M,Delhi,2021-06-21
USER0937,44,F,Kolkata,2024-03-02
USER0938,22,F,Mumbai,2024-02-05
USER0939,63,M,Delhi,2024-04-22
USER0940,34,F,Bangalore,2023-08-22
USER0941,43,F,Mumbai,2022-09-05
USER0942,29,F,Delhi,2022-05-03
USER0943,45,M,Hyderabad,2023-01-05
USER0944,44,F,Hyderabad,2023-09-27
USER0945,59,F,Mumbai,2021-03-02
USER0946,36,F,Mumbai,2025-10-21
USER0947,25,F,Delhi,2023-03-20
USER0948,59,M,Bangalore,2023-12-31
USER0949,35,F,Bangalore,2024-04-01
USER0950,46,F,Delhi,2022-10-23
USER0951,26,F,Bangalore,2021-07-26
USER0952,18,F,Bangalore,2024-07-06
USER0953,38,M,Chennai,2023-10-09
USER0954,31,F,Kolkata,2024-12-08
USER0955,30,F,Kolkata,2023-01-03
USER0956,64,F,Mumbai,2022-04-11
USER0957,50,F,Bangalore,2024-09-06
USER0958,56,M,Mumbai,2021-12-13
USER0959,36,M,Hyderabad,2023-09-21
USER0960,50,F,Mumbai,2024-12-10
USER0961,38,M,Delhi,2022-06-21
USER0962,19,M,Hyderabad,2023-10-31
USER0963,64,F,Delhi,2022-01-09
USER0964,56,F,Hyderabad,2023-09-17
USER0965,63,F,Mumbai,2022-12-21
USER0966,42,F,Delhi,2023-10-24
USER0967,57,M,Kolkata,2022-08-13
USER0968,32,M,Delhi,2024-01-27
USER0969,22,M,Bangalore,2025-06-07
USER0970,32,M,Chennai,2021-02-25
USER0971,63,M,Kolkata,2024-04-22
USER0972,59,F,Kolkata,2023-06-01
USER0973,29,F,Hyderabad,2024-03-13
USER0974,25,F,Kolkata,2025-04-22
USER0975,47,F,Chennai,2022-08-02
USER0976,53,M,Delhi,2021-08-02
USER0977,28,M,Mumbai,2024-06-15
USER0978,62,F,Hyderabad,2023-06-07
USER0979,59,F,Kolkata,2023-12-09
USER0980,59,F,Delhi,2022-05-13
USER0981,28,F,Mumbai,2024-12-28
USER0982,27,F,Bangalore,2022-09-27
USER0983,22,M,Mumbai,2021-11-26
USER0984,25,M,Bangalore,2023-01-04
USER0985,26,F,Chennai,2023-05-06
USER0986,41,M,Chennai,2021-12-08
USER0987,40,F,Kolkata,2024-01-12
USER0988,45,F,Delhi,2023-08-11
USER0989,20,M,Bangalore,2023-02-11
USER0990,55,F,Bangalore,2025-07-06
USER0991,58,F,Delhi,2024-07-27
USER0992,28,F,Mumbai,2023-02-02
USER0993,30,F,Kolkata,2022-12-05
USER0994,35,M,Mumbai,2025-03-06
USER0995,23,F,Chennai,2025-04-13
USER0996,52,M,Hyderabad,2024-11-02
USER0997,61,M,Hyderabad,2021-11-25
USER0998,41,F,Mumbai,2023-08-21
USER0999,32,M,Bangalore,2022-11-14
USER1000,23,M,Mumbai,2021-08-10
